{"stats":{"minecraft:used":{"minecraft:structure_block":113,"minecraft:oak_fence":14,"minecraft:bedrock":113,"minecraft:lime_concrete":1,"minecraft:quartz_slab":2,"lucky:lucky_block":4,"minecraft:red_concrete":4,"minecraft:chain_command_block":2,"minecraft:quartz_block":90,"minecraft:cyan_concrete":11,"minecraft:ender_chest":6,"minecraft:blue_concrete":9,"minecraft:purple_concrete_powder":2},"minecraft:custom":{"minecraft:time_since_rest":64308,"minecraft:crouch_one_cm":1188,"minecraft:play_time":64308,"minecraft:sprint_one_cm":17627,"minecraft:damage_taken":20,"minecraft:walk_one_cm":15403,"minecraft:sneak_time":5212,"minecraft:jump":80,"minecraft:leave_game":1,"minecraft:time_since_death":64308,"minecraft:total_world_time":64308,"minecraft:fall_one_cm":459,"minecraft:fly_one_cm":944401}},"DataVersion":3465}