{
  "criteria": {
    "1": {
      "trigger": "minecraft:inventory_changed",
      "conditions": {
        "items": [
          {
            "items": "minecraft:crossbow",
            "count": {
              "min": 1,
              "max": 64
            },
            "components": {
              "minecraft:charged_projectiles": [
                {
                  "id": "minecraft:arrow",
                  "count": 1,
                  "components": {
                    "minecraft:intangible_projectile": {}
                  }
                }
              ]
            }
          }
        ]
      }
    }
  },
  "rewards": {
    "function": "koncept.bingo:bingo/advancement/crossbow_arrow"
  }
}
