{
	"credit": " Made by koncept",
    "criteria": {
        "1": {
            "trigger": "minecraft:inventory_changed",
            "conditions": {
                "items": [
                    {
                        "count": {
                            "min": 1,
                            "max": 64
                        },
                        "items": ["minecraft:exposed_copper_door"]
                    }
                ]
            }
        }
    },
    "rewards": {
        "function": "koncept.bingo:bingo/advancement/exposed_copper_door"
    }
}